Pashka,FOX
itsmontage,upper
Pashka,Kvarc
upper,PekaVegan
Behovodec,Faceless
PekaVegan,Kvarc
Pashka,PekaVegan
Notron,PekaVegan
Behovodec,Ruby
Behovodec,Art
Ruby,Art
FRAG,Goauld
Art,Goauld
upper,Behovodec
FRAG,Tari
FRAG,Behovodec
Goauld,FiX
Goauld,Tari
FRAG,FiX
МяскО,Tari
SirTerrens,DarthBober,,
SirTerrens,Art,,
Goauld,Kvarc,,
upper,Goauld,,
DarthBober,Kvarc,,
Meeqo,Goauld,,
Behovodec,DarthBober,,
Goauld,Behovodec
SirTerrens,Behovodec
Scriptor,DarthBober
DarthBober,Art
Behovodec,Art
SirTerrens,DarthBober
SirTerrens,upper
Behovodec,DarthBober
Behovodec,mps
upper,DarthBober
SirTerrens,Goauld
mps,DarthBober
Goauld,DarthBober
MagBo,Behovodec
Goauld,Behovodec
SirTerrens,МяскО
Goauld,MagBo
mps,SirTerrens
Behovodec,DarthBober
MagBo,upper
MagBo,DarthBober
SirTerrens,DarthBober
SirTerrens,MagBo
Goauld,DarthBober
МяскО,DarthBober
MagBo,МяскО
